Id,Sequence
AVP1724,DLKGKYVQIP
AVP1719,DVDLGDISGINASVVNIQKEIDRLNEVAKNLNESLIDLQELGKYEQYI
AP00771,GIGKFLHSAGKFGKAFVGEIMKS
AVP1483,SNNTIAIPTNFSISITTEVM
AVP1834,PSSKRFQPFQQFGRDVSDFT
AVP1486,IQKEIDRLNEVAKNLNESLI
AVP1877,INASVVNIQKEIDRLNEVAKNLNESLIDL
AVP1858,IQKEIDRLNEVAKNLNESLIDLQELGK
HR2-anti-P,DISGINASVVNIQKEIDRLNEVAKNLNESLIDLQEL
AVP1722,FGGASCCLYCRCHIDHPNPKGFCDLKGKY
AVP1480,PALNCYWPLNDYGFYTTSGI
AVP1887,LDSPKEELDKYFKNHTSPDVDLGDISGINASVVNIQKEIDRLNEVAKNLNESLIDLQELGKYE
AVP1641,KKKKYRNIRRPG
AVP1901,NQNAQALNTLVKQLSSNFGAISSVLNDILSRLDKVEAEVQIDRLIT
AVP1822,YKYRYL
AP00179,VCSCRLVFCRRTELRVGNCLIGGVSFTYCCTRV
AVP1586,QKQIANQFNKAISQIQESLTTTSTALGKLQDVVNQNAQALNTLVKQ
AVP1897,DLSLDFEKLNVTLLDLTYEMNRIQDAIKKLNESYINLKE
AVP0549,GVFVFNGTSWFITQRNFFS
AVP1585,GINASVVNIQKEIDRLNEVAKNL
AP01788,QEAQSVACTSYYCSKFCGSAGCSLYGCYLLHPGKICYCLHCSR
AVP1587,QNQSANQFQKEISQINEVLTTTNTSLGKLQDDVNQNNQSLNTLQKE
AVP1763,SVVPSKATWGFA
AVP1479,VLYNSTFFSTFKCYGVSATK
AVP1868,PDVDLGDISGINASVVNIQKEIDRLNEVAKNLNESLIDLQ
AP00641,GFFALIPKIISSPLFKTLLSAVGSALSSSGEQE
AVP1484,QYGSFCTQLNRALSGIAAEQ
AVP1879,VVNIQKEIDRLNEVAKNLNESLIDLQELGK
AVP1869,GDISGINASVVNIQKEIDRLNEVAKNLNESLIDLQELGKY
AVP1706,ISGINASVVNIQKEIDRLNEVAKNLNESLIDLQEL
AVP1836,TKFPSVYAWERKKISNCVAD
AVP1482,YQDVNCTDVSTAIHADQLTP
AP00174,RRCICTTRTCRFPYRRLGTCIFQNRVYTFCC
P5+14,GGGYSKAQKAQAKQAKQAQKAQKAQAKQAKQAQKAQKAQAKQAKQ
AP00744,GLPQDCERRGGFCSHKSCPPGIGRIGLCSKEDFCCRSRWYS
AP00144,GIGKFLHSAKKFGKAFVGEIMNS
HR-,SGINASVVNIQKEIDRLNEVAKNLNESLIDLQEL
18AAPEPTIDE,FLDKFNHEAEDLFYQSSL
P9,NGAICWGPCPTAFRQIGNCGHFKVRCCKIR
HR2P,SLTQINTTLLDLTYEMLSLQQVVKALNESYIDLKEL
GST-removed-HR2,DVDLGDISGINASVVNIQKEIDRLNEVAKNLNESLIDLQEL
AVP0553,GYFVQDDGEWKFTGSSYYY
AVP1917,GRLQSLQTYVTQQLIRAAEIRASANLAATKMSEC
AVP1863,VYDPLQPELDSFKEELDKYFKNHTSPDVDLGDISGINASVV
AVP0550,NEVAKNLNESLIDLQELGKYEQYIKWPWYVW
P6,EEQAKTFLDKFNHEAEDLFYQSSGLGKGDFR
P5,EEQAKTFLDKFNHEAEDLFYQSSLASWNYNTNITEE
EK1,SLDQINVTFLDLEYEMKKLEEAIKKLEESYIDLKEL
AVP1870,ISGINASVVNIQKEIDRLNEVAKNLNESLIDLQELGKYEQYIKWPW
AVP1889,LDKYFKNHTSPDVDLGDISGINASVVNIQKEIDRLNEVAKNLNESLIDLQELGKYE
AP00074,FLPVLAGIAAKVVPALFCKITKKC
AVP1838,KSNVVRGWVFGSTMNNKSQS
AVP1890,FKNHTSPDVDLGDISGINASVVNIQKEIDRLNEVAKNLNESLIDLQELGKYE
AVP1876,INASVVNIQKEIDRLNEVAKNLNESLIDLQELGK
AP01356,KTCMTKKEGWGRCLIDTTCAHSCRKYGYMGGKCQGITRRCYCLLNC
AVP2054,LFRLIKSLIKRLVSAFK
AVP1481,RDVSDFTDSVRDPKTSEILD
AVP1857,NGIGVTQNVLYENQKQIANQFNKAISQIQESLTTTSTA
AVP1862,YVTQQLIRAAEIRASANLAATKMSECVLGQSKRVDFCGKG
AVP1873,GINASVVNIQKEIDRLNEVAKNLNESLIDLQELGK
AP02663,GEGFLGMLLHGVGHAIHGLIHGK
AP00764,GLRSKIWLWVLLMIWQESNKFKKM
AVP0552,GNHILSLVQNAPYGLYFIHFSW
AVP1871,ISGINASVVNIQKEIDRLNEVAKNLNESLIDLQELGK
AVP1837,KGIYQTSNFRVVPSGDVVRF
P4,EEQAKTFLDKFNHEAEDLFYQSS
AVP1880,IQKEIDRLNEVAKNLNESLIDLQELGKYEQYIKWPW
AVP1762,HVTTTFAPPPPR
AP00166,GWGSFFKKAAHVGKHVGKAALTHYL
AVP1477,FKLPLGINITNFRAILTAFS
AP01022,GVIPCGESCVFIPCISAAIGCSCKNKVCYRN
HKU4-HR2P3,LDLSDEMAMLQQEVVKQLNDSYIDLKELGNYTYYNKW
AVP1878,VVNIQKEIDRLNEVAKNLNESLIDLQELGKYEQYIKWPW
AVP1723,GGASCCLYCRCH
AVP1833,CANLLLQYGSFCTQLNRALSGIA
AVP1892,VDLGDISGINASVVNIQKEIDRLNEVAKNLNESLIDLQELGKYE
229E-HR2P,VVEQYNQTILNLTSEISTLENKSAELNYTVQKLQTLIDNINSTLVDLKWL
Octapeptide,AVLQSGFR
SP-8,FYTTTGIGYQPY
AVP1726,PTTCANDP
AP00549,GFGCNGPWDEDDMQCHNHCKSIKGYKGGYCAKGGFVCKCY
AP01644,GAFGNFLKGVAKKAGLKILSIAQCKLSGTC
AVP1861,IDRLITGRLQSLQTYVTQQLIRAAEIRASANLAATK
AP00222,VTCYCRRTRCGFRERLSGACGYRGRIYRLCCR
AP00181,AFTCHCRRSCYSTEYSYGTCTVMGINHRFCCL
AVP2053,LFGLIPSLIGGLVSAFK
AVP1860,ALNTLVKQLSSNFGAISSVLNDILSRLDKVEAEVQIDRL
AP01061,KIPCGESCVWIPCVTSIFNCKCKENKVCYHD
AP00036,DFASCHTNGGICLPNRCPGHMIQIGICFRPRVKCCRSW
AP02733,LFGSVKAWFKGAKKGFQDYRYQKDMAKMNKRYGPNWQQRGGQEPPADAQANDQPP
AVP1584,GINASVVNIQKEIDRLNEVAKNLNESLIDL
AP00846,KYYGNGVSCNKKGCSVDWGKAIGIIGNNSAANLATGGAAGWKS
AVP1716,TLKPIFKLPLGINITNFR
AP00692,GWFKKAWRKVKNAGRRVLKGVGIHYGVGLI
AVP1842,YNYKYRYLRHGKLRPFERDI
AVP1914,GVTQNVLYENQKQIANQFNKAISQIQESLTTTSTALGKLQ
AP00742,SPIHACRYQRGVCIPGPCRWPYYRVGSCGSGLKSCCVRNRWA
AVP1839,TDAVDCSQNPLAELKCSVKSF
AVP1859,FNKAISQIQESLTTTSTALGKLQDVVNQNAQALNTLVKQL
AVP1899,NQKQIANQFNKAISQIQESLTTTSTALGKLQDVVNQNAQALNTLVKQLSSNFGAISSVLNDILSRLDKVEAEVQIDRLIT
AP00730,GSVLNCGETCLLGTCYTTGCTCNKYRVCTKD
AVP1764,FKPSSPPSITLW
SP-10,STSQKSIVAYTM
ABP-D25Y,GSHMGDAQDKLKYLVKQLERALRELKKSLDELERSLEELEKNPSEDALVENNRLNVENNKIIVEVLRIILELAKASAKLA
AP02830,VSFPWSCAALSGVCRQGACLPSELYFGPLGCGKGSLCCVSYFL
AVP1705,ISGINASVVNIQEEIKKLNEEAKKLNESLIDLQEL
AVP1895,ELDSFKEELDKYFKNHTSPDVDLGDISGINASVVNIQKEIDRLNEVAKNLNESLIDLQEL
AVP1875,INASVVNIQKEIDRLNEVAKNLNESLIDLQELGKYEQYI
AVP1841,YKGYQPIDVVRDLPSGFNTL
AVP1485,GIGVTQNVLYENQKQIANQF
SP-4,GFLYVYKGYQPI
AVP1867,FKNHTSPDVDLGDISGINASVVNIQKEIDRLNEVAKNLNES
AP00275,GVIPCGESCVFIPCISTLLGCSCKNKVCYRN
AVP1888,PKEELDKYFKNHTSPDVDLGDISGINASVVNIQKEIDRLNEVAKNLNESLIDLQELGKYE
AVP0548,GYHLMSFPQAAPHGVVFLHVTW
AP00532,KTCENLADTFRGPCFATSNC
AVP1725,NCVKMLCTHTGTGQAITVTP
AP00340,FFGWLIRGAIHAGKAIHGLIHRRRH
P9R,NGAICWGPCPTAFRQIGNCGRFRVRCCRIR
AVP1896,ELDSPKEELDKYFKNHTSPDVDLGDISGINASVVNIQKEIDRLNEVAKNLNESLID
AVP1881,IDRLNEVAKNLNESLIDLQELGKYEQYIKWPW
AVP1707,IEEINKKVEEIQKKIEELNKKAEELNKKLEELQKK
AP00225,ACYCRIGACVSGERLTGACGLNGRIYRLCCR
AVP1898,AYRFNGIQVTQNVLYENQKQIANQFNKAISQIQESLTTTSTALGKLQDVVNQNAQALNTLVKQLSSNFGAISSVLNDILSRLDKVEAEVQIDRLIT
AP00160,ALWMTLLKKVLKAAAKAALNAVLVGANA
